cluster,elem_0,elem_1,elem_2,elem_3,elem_4,elem_5,elem_6,elem_7,elem_8,elem_9,elem_10,elem_11,elem_12,elem_13,elem_14,elem_15,elem_16,elem_17,elem_18,elem_19
0.0,Julho,cmbrulho,juleou,,,,,,,,,,,,,,,,,
1.0,Santa Virgem,Virgens,"E1

vI",Parto da Santa Virgem,Virgilio,adoracdo da Virgem,Santa Virginia...,Santa Virginia,,,,,,,,,,,,
2.0,Parece-me,Pareceu-,Receru-,Recu-,,,,,,,,,,,,,,,,
3.0,"Nossa
Senhora","Nossa
Senhora de Lourdes...","Nosse
Senhora","Nossa
Senhora de Lourdes","Nossa
Senhora das Dores","minha
senhora","Nossa
Senhoral",,,,,,,,,,,,,
4.0,presenga,presenga de Deus,Represen-,Provenga,senga,,,,,,,,,,,,,,,
5.0,Jodia,Podia,,,,,,,,,,,,,,,,,,
6.0,Ceu,Ceus,Ceul,ceu,,,,,,,,,,,,,,,,
7.0,Via,ubora Vivia,Vlvia,Via-o,Devia-a,movia,Vivia,,,,,,,,,,,,,
8.0,hoie,Hoie,,,,,,,,,,,,,,,,,,
9.0,movels,imovel,,,,,,,,,,,,,,,,,,
10.0,proxima,roxO,pauis proximos,,,,,,,,,,,,,,,,,
11.0,Ndo,Iendo,boceiando,Iazendo,Iingindo,Ievando,Nundo,,,,,,,,,,,,,
12.0,Silverio,bom Silverio,Sllverio,silvas,vlver,"Silverio
pDara",,,,,,,,,,,,,,
13.0,deserta,Sertaneja,,,,,,,,,,,,,,,,,,
14.0,Baldeschi,Debalde,aldeia,Descia,,,,,,,,,,,,,,,,
15.0,lgrimas,Imas,Ultima-,lagrimas,ligrimas,veu das lagrimas,eMas,,,,,,,,,,,,,
16.0,reeaco,Faco,EEA,soiree,,,,,,,,,,,,,,,,
17.0,Piedade,Distrito e a Sociedade,Impiedade,"Piedade ue
te g-P","Olat Bela sociedadel
Galgou",,,,,,,,,,,,,,,
18.0,"Ccul
Bela",Ccul,,,,,,,,,,,,,,,,,,
19.0,"c
crcia",Crcdo,rcdo,,,,,,,,,,,,,,,,,
20.0,hostia redonda,hostia,PA R,cara redonda,"cahecinha
redonda",MIA RU,,,,,,,,,,,,,,
21.0,Fechou,"portao
fechalo",Feche,Rabicho,,,,,,,,,,,,,,,,
22.0,Nossa Senhora,minha senhora,Nossas Senhoras,"Nossa Senhora
da Ermida",ma senhora,boa senhora,Inimizade de Nossa Senhora,"Nossa Senhora do Rosario...
Disse-a o padre Vicente",Casamento de Nossa Senhora,Nossa Senhora das Dores,"Nossa Senhorae
S. Vicente","Nossa Senhora
das Dores",Nossa Senhora da Saude,,,,,,,
23.0,Persevere,dever1,Persia,Universo,Veremnos,reves,,,,,,,,,,,,,,
24.0,"Deus
t-",Deus,Deusl,"Deus,-e
Deus",Adeus,"Deusl
Gorda",,,,,,,,,,,,,,
25.0,Janelas,Tanelro,Bruxelas,jancela,mar-me da janela,,,,,,,,,,,,,,,
26.0,Salve-Rainhas,unhas,"Rainha
Vito6ria",Salve-Rainha,Rainhas,Salve-Ralnha,,,,,,,,,,,,,,
27.0,Catio,Fatigou,Tertio,Beati,Pacatinlo,,,,,,,,,,,,,,,
28.0,PR MAnRO,Manon,"bancea
do mano",mana,sala.- Mas,,,,,,,,,,,,,,,
29.0,"bom
Marques",Marques,,,,,,,,,,,,,,,,,,
30.0,Agui,Dagui,agucar,,,,,,,,,,,,,,,,,
31.0,Credo,medo:-,"Credo
-- Franciscus",Reden-,scgredo,credol,rel Azevedo,Credol,,,,,,,,,,,,
32.0,bergco,Mogco,bergo,Berlim,Sergio,,,,,,,,,,,,,,,
33.0,brageo,admirageo,,,,,,,,,,,,,,,,,,
34.0,Dregao,Esfregava,Dregado,,,,,,,,,,,,,,,,,
35.0,acgao,redacgao,acgao sacerdotal,tecgao,,,,,,,,,,,,,,,,
36.0,padre-mestrel-,Padre-Mestre,Padre-Mestrel-,,,,,,,,,,,,,,,,,
37.0,Dcus,acusaco,Hereticus,Dcu,,,,,,,,,,,,,,,,
38.0,BIbDi,Biblia,BIbi...,,,,,,,,,,,,,,,,,
39.0,"Agos-
tinlho","Agos-
tinho",Agostinha,Agosrinho,Agos-,"pocilga do
Agostinho",,,,,,,,,,,,,,
40.0,tenhal,tenhal Agora,Pomhal,Venha,Venha ca,,,,,,,,,,,,,,,
41.0,Soberba,Sobe,,,,,,,,,,,,,,,,,,
42.0,Nagcao,administragcao,redacgcao,Relagcao,alteragcao,desafinagcao,,,,,,,,,,,,,,
43.0,Tremer,Tres,Reso-,Pires,,,,,,,,,,,,,,,,
44.0,Sousa,Sousas,rua dos Sousas,Sousas...,rua das Sousas,"rua dos
Sousas",los Sousas,"rua das
Sousas",,,,,,,,,,,,
45.0,Ruca,Nuca,Rucal,Joio Ruco,,,,,,,,,,,,,,,,
46.0,Cre,Creio la nisso',Creio,acre,cre,,,,,,,,,,,,,,,
47.0,Caspitel,Caspitel-,lcite,,,,,,,,,,,,,,,,,
48.0,chan-,Gan-,chantc.-,cha,,,,,,,,,,,,,,,,
49.0,Terreiro,Carreiro,Terreira,pe do Terreiro,,,,,,,,,,,,,,,,
50.0,st do Domingos,U1i DO,pingo do rape,Domingos,Iao dos comil6es,S. Domingos,Ctt DO DRE,,,,,,,,,,,,,
51.0,satisfagao,satisfacaio,,,,,,,,,,,,,,,,,,
52.0,Chateaubriand,Chateau-,,,,,,,,,,,,,,,,,,
53.0,"ma
caminho",Caminho,Caminhante,Minho,caminlo,,,,,,,,,,,,,,,
54.0,Simpatia,impio,patife.-,Sim,,,,,,,,,,,,,,,,
55.0,Pre,pre,supressao,Prepara-te,,,,,,,,,,,,,,,,
56.0,Amparo,"Amparo
da botica",Amparo-,Amparo da botica,Amparozinho,,,,,,,,,,,,,,,
57.0,Domine,Dominus,Dominara,,,,,,,,,,,,,,,,,
58.0,Ourem,ourelo,,,,,,,,,,,,,,,,,,
59.0,Viera,Vera,Comecos da Primavera,La vera,Verao,Merati,Fizera,,,,,,,,,,,,,
60.0,Alegros,alegre,Egr,"louea iuzidia da Vista-
-Alegre",tao alegre,,,,,,,,,,,,,,,
61.0,Distritol,Voe do Distrito,Voz do Distrito,Distrito,"Voe do Dis-
tito","Voz do Distrito
---",A Voz do Distrito,,,,,,,,,,,,,
62.0,Via-Clara,larania,Via-Claral,PROLAE 1RLARA3,,,,,,,,,,,,,,,,
63.0,Arfava,Abafava,Dava,areal  faisceava,,,,,,,,,,,,,,,,
64.0,Trigueiros,Trigueira,estrada da Figueira,Figueira,,,,,,,,,,,,,,,,
65.0,religiao,Religiao,,,,,,,,,,,,,,,,,,
66.0,chio,Chiado,China,,,,,,,,,,,,,,,,,
67.0,devogc6es,devogi,c6es,Nova devogcaio,,,,,,,,,,,,,,,,
68.0,Praga,praga,oragio,gragas,,,,,,,,,,,,,,,,
69.0,seminario,"seminario
cC",,,,,,,,,,,,,,,,,,
70.0,LeaileEe,CRIlE,L29LPPl9.zeEeL9LPEEES-.s-,Ail,LEEL,,,,,,,,,,,,,,,
71.0,Impossibilis,Campos,Campos Elisios,,,,,,,,,,,,,,,,,
72.0,Pudera,"mantelete.-
Pudera",Puderal,,,,,,,,,,,,,,,,,
73.0,gute,Escute,Desculpe,scu,Escusa,LA FAUTE,,,,,,,,,,,,,,
74.0,pe da cama,"pe da
cama","pe da casa do fer-
reiro",pe da mae,pe da velha,mae,luneta ma,pe da cova,Vou,pe da jznela,,,,,,,,,,
75.0,Pacienclal,impaciencia.-,impaciencia,Consciencia,caes,,,,,,,,,,,,,,,
76.0,Iaia,descaia,Caia-me,Caiu,Caia,Cais,Maia,,,,,,,,,,,,,
77.0,Santa da Arregaca,Santa da Arregaea,Arregacal,,,,,,,,,,,,,,,,,
78.0,Mataram-me,Calmaram-na,Voltaramn,Perderam-me,,,,,,,,,,,,,,,,
79.0,Del,Delxe,Delecluze,Eicode DeLs,,,,,,,,,,,,,,,,
80.0,bispo diz- serds,Bispo,,,,,,,,,,,,,,,,,,
81.0,Bem,Tambem,Naol Bem,,,,,,,,,,,,,,,,,
82.0,Brcsil,Brasil,Braslc,Asia,Abrasa-mel,Brasill,Critica do Brasil,"Brasill
Enterneceu-se","Brasill
Foram",,,,,,,,,,,
83.0,Padre-Nossos,Padre,braco do padre Liset,adre,Padre-Nossos de direitol,Deus-Padre,,,,,,,,,,,,,,
84.0,Ola,Lai,Olai,laijes,Polais,Olal,,,,,,,,,,,,,,
85.0,Pelxoto,Peixoto,Pelos,,,,,,,,,,,,,,,,,
86.0,Ia-lhe,Pode-lhe,Fe-lhe,Arrahnja-se-lhe,Fale-lhe,Perguntava-lhe,Bufa-lhe,Meteu-lhe,Hei-de-lhe,,,,,,,,,,,
87.0,Naio tenho zaide,Tenkio,Tenho,Tenho cinuenta,secura:-- Tenho,Venho,,,,,,,,,,,,,,
88.0,vTas,oMTas,"ramta
da ual",umta,Freitas,,,,,,,,,,,,,,,
89.0,Josefal,falardo,falua,caluda,Safal,,,,,,,,,,,,,,,
90.0,Purgue-se,"hein2
Ergueu-se",Ergueu-,,,,,,,,,,,,,,,,,
91.0,Diirio Popular,Populares,,,,,,,,,,,,,,,,,,
92.0,"homom
39
o oRI pO n",homcm,,,,,,,,,,,,,,,,,,
93.0,Igreia,igreia,lIgrela,igreija,"pilar
da Igreia",Igreja-,,,,,,,,,,,,,,
94.0,dentrol,Dentro,petroleo,Entra,outrol,,,,,,,,,,,,,,,
95.0,Matamo-lo,Mata,Hipopotamol,,,,,,,,,,,,,,,,,
96.0,gadlo,--- Obrigado,Obrigado,Obrigada,,,,,,,,,,,,,,,,
97.0,"pedra do
pao",Pedroso,Saavedra,,,,,,,,,,,,,,,,,
98.0,humidade da ncvoa,ncvoa,,,,,,,,,,,,,,,,,,
99.0,Ricogca,Ricoga,Iirico,"Ricoea
a91",Ricogea,,,,,,,,,,,,,,,
100.0,Palavral,Dalavras,,,,,,,,,,,,,,,,,,
101.0,missanga,Mangara,Imissa,crlanga,,,,,,,,,,,,,,,,
102.0,Disse-mo o senhor padre,ci do senhor padre Amaro,Disse-mo,,,,,,,,,,,,,,,,,
103.0,rnor,"Pano-
rama",Panorama,,,,,,,,,,,,,,,,,
104.0,prazentea,Instintivamente,Mente,Certamente,Positivamente,Serpente,momenlo,menter,"pie-
dosamente",EDICAO MONUMENTAL,vivamentc,Mentel-,uorcaente:,maiestosamente,Lltimamente,Realmente,excelentel,gente.-,Perfeitamente,secamente.--- Fecha
105.0,Arco;c,Arco,Arco do Triunfo,,,,,,,,,,,,,,,,,
106.0,Correia,rua do Correio,Brito Correia,Concorre,reeorre,Correu,,,,,,,,,,,,,,
107.0,Ltender,Mendesl-,Mendes,andes,Emende,Prendem-seme,Mendesl,,,,,,,,,,,,,
108.0,Nuncn,Nuncal,Nunes,,,,,,,,,,,,,,,,,
109.0,Grande,Grandioso,Mande,Grande galhofa,,,,,,,,,,,,,,,,
110.0,cste,kste,Foste,Nasceste,,,,,,,,,,,,,,,,
111.0,pos o pe,Posso,pos,"cam-
pos",pos-,Raposo,,,,,,,,,,,,,,
112.0,Comecava,Comecara,Caramba,Tropecara,,,,,,,,,,,,,,,,
113.0,Chiquital,Muita,Cliquita,Chiguita,,,,,,,,,,,,,,,,
114.0,CARNE,Carne,,,,,,,,,,,,,,,,,,
115.0,Aproeito,Apro-,ieito,,,,,,,,,,,,,,,,,
116.0,do Norte,rua do Norte,Norte,,,,,,,,,,,,,,,,,
117.0,Inenos,Atenos,Buenos-Aires,,,,,,,,,,,,,,,,,
118.0,Aimelia,Infamel,Amelia,Amelial,Amelias,Amelia s6,"pe de
Amelia","Tot6l
Amelia",Amelia-,Santa Amelia-,,,,,,,,,,
119.0,Ehtao,Etao,gavetao,baetao,,,,,,,,,,,,,,,,
120.0,Ses,alto do Golgota,Golgota,ADHE,,,,,,,,,,,,,,,,
121.0,Iougcas,magcas assadas,Rugca,,,,,,,,,,,,,,,,,
122.0,Dal,bondale,Madalena,dali,Vidalti,,,,,,,,,,,,,,,
123.0,Outra-Banda,"procissao da bela varanda do
tabeliao",Anda,anda,ajudanda,Andava,Quanda,Anda-me,scgunda,,,,,,,,,,,
124.0,Conheci,Conhecia-a,,,,,,,,,,,,,,,,,,
125.0,criatural,criad6,Maleriadol,criadat,crianga,,,,,,,,,,,,,,,
126.0,graca,Sul-,barraca,praca,"praca
da Conc6rdia",Gracal Divagava,Praca,Praca Nova,,,,,,,,,,,,
127.0,"tam-
bores",Flores,Loreto,Louvores,florescencla,lorpa,,,,,,,,,,,,,,
128.0,Ate,Pater,Materia,Mater-dolorcsa,,,,,,,,,,,,,,,,
129.0,Baixa,cabeea baixa,paixao,caixao de galoes,paixao extatica,Sa paiixao,,,,,,,,,,,,,,
130.0,Acumulava,ORIE,lavatorio,Purgatorio,Ofertorio,,,,,,,,,,,,,,,
131.0,taciturnidade dos santos,"Eternidade dos
LouVoICS",Louvado,Eternidade,,,,,,,,,,,,,,,,
132.0,vastidao azul,vastidao do peito,,,,,,,,,,,,,,,,,,
133.0,"Santo Inaiciol
Bendito",Sanchcs,cantochao,santo,Santo Tirso,boca dum santo,Santo Ambrosio,vivencla dos santos,cenuanto,Antonia,Santo Ilde-,"Santos
Antonios",santol,desolacao dum santo,"Anto-
nia",Coitadol Santo,Santo,Santo Inacio,,
134.0,Flcava,polcava,EspacaVa,cobicava,,,,,,,,,,,,,,,,
135.0,"Pimen-
tel de",Trento,sentimentol,Entio,sentirla,Salentol,,,,,,,,,,,,,,
136.0,Menina,Menino,,,,,,,,,,,,,,,,,,
137.0,Lisboa,"Lisboa c
sa
 IMI1",de Lisboa,Lisboa...,Lisboal,estrada de Lisboa,aguas de Lisboa,,,,,,,,,,,,,
138.0,Comuicado-,Comuicado,Comui-,Comuicatdo,Crucificadol,,,,,,,,,,,,,,,
139.0,despeitol Ah,peitol Tinham-no,Respeito,,,,,,,,,,,,,,,,,
140.0,pescoco,Desconfiai,Esco-,pcscoco,Escocia,pescogco,,,,,,,,,,,,,,
141.0,UC1II,UI1II0,,,,,,,,,,,,,,,,,,
142.0,Gansoso,Gansosinho,Gansosos,,,,,,,,,,,,,,,,,
143.0,Lis-,Lis,Polis,,,,,,,,,,,,,,,,,
144.0,Diga-me 1al Traste,casaste,Castelo,"monte do
Castela",Castaldus,Traste,Epistel,,,,,,,,,,,,,
145.0,Acen-,saudaces,saude,,,,,,,,,,,,,,,,,
146.0,"Sao da Encar-
nacao",Nacao,Nac,indignacao,,,,,,,,,,,,,,,,
147.0,Teles alfaiate.- Ai,Teles,gales,elesl,Pobre Teles,Cacetel,,,,,,,,,,,,,,
148.0,Graea,Gra-,Jrae,Praea,traeo,,,,,,,,,,,,,,,
149.0,Tudol Tio,tudol,Tudo,Laudo,Secudo,,,,,,,,,,,,,,,
150.0,sque,gque,Vasques,,,,,,,,,,,,,,,,,
151.0,Calafates,"Cala-
fates",Cala-te,"rua dos Cala-
fates n.e 53",Calas-te,,,,,,,,,,,,,,,
152.0,ingratol,pratol,Engraxou,,,,,,,,,,,,,,,,,
153.0,Miserico6rdia,"Miseric6ordia,-e",Mlisericordia,Misericordia-,Miserlcordia,Misericordia...,Misericodia,"rua da
Misericordia",Misericordia,Misericorciia,Cordova,"Mise-
ricordia",Misericbrdia,Misericrdia,Misericordias,,,,,
154.0,Pobre,Nobres,pobreza.-,Abre,lugubre,,,,,,,,,,,,,,,
155.0,Tolicesl-,Tolices,licenga,licenee,,,,,,,,,,,,,,,,
156.0,familia,Fami-,Militart,maes de familia,,,,,,,,,,,,,,,,
157.0,Alcantaral Famosa,cantaro,cipe encantado,cantarl,,,,,,,,,,,,,,,,
158.0,Hai-de,HIei-de,HIein,Hei-de,Hi-de,,,,,,,,,,,,,,,
159.0,Iembra-te,Lembraram-lhe,Coilmbra,Lembre-me,"sc
lembraya",Coimbra,,,,,,,,,,,,,,
160.0,"dizia.- Homem de
familia...",dizia.-,Jdia...,Belo homem,,,,,,,,,,,,,,,,
161.0,Vamos,Vamo-nos,Famosa,Fomos,,,,,,,,,,,,,,,,
162.0,i beber1,bebedo,bebedeira,Bebedast,,,,,,,,,,,,,,,,
163.0,Joanita,S. Joa-,S. Jeronimo,saleta da S. Joa-,"Ameliazinha da S. Joaneiral
- Que me",S. Joaneira,"S. Joaneiral
Grande",S. Joao da Foz,S. Joaneilra,Joaneira,S. Joanelra,casa da S. Joaneiral,Janeiro,,,,,,,
164.0,Canalhal,Batalha,Canalha,Joanal,,,,,,,,,,,,,,,,
165.0,Minuete de Mfozart,vale de leng6is,Ninon de Lenclos,Valeu,,,,,,,,,,,,,,,,
166.0,Outono,Doutor,Iuto,"Outu-
bro",,,,,,,,,,,,,,,,
167.0,Junho,Ponho,PonRT6,,,,,,,,,,,,,,,,,
168.0,snr D. Josefa Dias-,tndiasl,Dias,Diasl,barbasl,,,,,,,,,,,,,,,
169.0,"igreja do Senhorl-
exclamou D. Maria da Assuncaio","Se-
nhor","senhor dou-
tor",senhor2,"reumatico do senhor
chantre",Senhora ae dos Homens,"graca
do Senhor",senhoresl,Senhora,Amaro:-O senhor,Senhora do Rosario,Nosso Senhor,Naio senhor,senhorl,scnhoria,,,,,
170.0,excitagac,irritagao,Brita,,,,,,,,,,,,,,,,,
171.0,Godinha,din,Godinho,Alipio de Vasconcelos Godinho,Godinhos,,,,,,,,,,,,,,,
172.0,"Leirial
-- Bem","Leirial
---","Cusl
--- Nao","Leirial
--- Voce",,,,,,,,,,,,,,,,
173.0,Dassara,Dassaro,Passa,Passei,passala,Passeio Piblico,,,,,,,,,,,,,,
174.0,Acabou-se-pensava-nao,Pensei,pensol.-O,S.-O,,,,,,,,,,,,,,,,
175.0,Fumaca,Macas,Macaco e da Baleia,Macaco,cacoar,Chao de Macas,,,,,,,,,,,,,,
176.0,braco de Joio Eduardo,Joao Eduardu,Cardoso,"Arco
Joao Eduardo",Jodo Eduardo,Joao Eduardo,Joao Eduardol,Joio Eduardo,Joao Eduardo:-- Trunfo,,,,,,,,,,,
177.0,Quando Amaro,padrce Amaro,Lisboa de Amaro Vieira,Sou Amaro,dc Amaro,E Amaro,portao de Amaro,I. Amaro,Ceu-A Amaro,Entao Amaro,"Se?-perguntou Amaro
ORIIE D P D IIE",S6 Amaro,so6 Amaro,Oh Amaro,casarao amarelo,s6 Amaro,real.- Amaro,,,
178.0,Lethes,Se-,Gethse-,,,,,,,,,,,,,,,,,
179.0,Natirio,Natairio,Natairio-,,,,,,,,,,,,,,,,,
180.0,Estimava,Estive,Esti,Estigmas de S. Fancisco,Fillstinos,,,,,,,,,,,,,,,
181.0,Quc,quc,Quce,,,,,,,,,,,,,,,,,
182.0,sels,Aconselhou,Iarselhesa,ELs,,,,,,,,,,,,,,,,
183.0,Emagreccu,Emagrecia,magro,"Pa-
recia",,,,,,,,,,,,,,,,
184.0,Olhei,Olhe,L-- Olhe,Olhce,,,,,,,,,,,,,,,,
185.0,Oficio,Enfim,Benfica,ficl,justificagao,Benedicat,,,,,,,,,,,,,,
186.0,Quall,Qual Judial,Judia,Sejam quals,,,,,,,,,,,,,,,,
187.0,umna armal,Pis,Luma-arma,umna,,,,,,,,,,,,,,,,
188.0,Parabens,Paradou,Paraiso,Cabrais,paraiso,,,,,,,,,,,,,,,
189.0,INtI,Sintra,Sinto,Minta,,,,,,,,,,,,,,,,
190.0,furta,portao verde,Mortal,Morta,hortalica,DORTI,,,,,,,,,,,,,,
191.0,Aucla,cxclamotl,"exclamou
Gustavo.-Quando",issol-exclamou,,,,,,,,,,,,,,,,
192.0,Refugiada,Cumiada,Resumia,,,,,,,,,,,,,,,,,
193.0,Alcobaea,Alcobaga,Alcobagca,Alcbagca,"Brito de
Alcobagca",balcoes,Alcobagea,,,,,,,,,,,,,
194.0,Republica,replica,,,,,,,,,,,,,,,,,,
195.0,comogao,emogao,,,,,,,,,,,,,,,,,,
196.0,Europa,Upal upa,Nopal,,,,,,,,,,,,,,,,,
197.0,I1I11A,U  H I1It  1,I11,,,,,,,,,,,,,,,,,
198.0,Miserere,serena,tereno plano,Esereve-me,Renas,,,,,,,,,,,,,,,
199.0,aivida,Nutrida,rorbida,Brigida,pilida,,,,,,,,,,,,,,,
200.0,viccao,absolvicao,perfeicao1,Ldestruicao,prostituicao,,,,,,,,,,,,,,,
201.0,Tome,Toma,Tomar,Tetomara,Tomavam-na,,,,,,,,,,,,,,,
202.0,Vieia,praia da Vieira,VIEIRA,Vieira,,,,,,,,,,,,,,,,
203.0,"Amaro
compIetara",Amarol Tragc,"Optimol
Amaro",sreformar,"Amaro:- Ouea
voce",camara,Amaro,"Amaro paessou
o terpo",Amaro:-,"palre
Amaro",Amaro?1,Amarol,"Amaro
aot",Amaro jantara,Ribamar,"MA BU
Amaro",Amaro:--,Amaro-e,"coroal
Amaro",
204.0,desejo.- Ouve,desesperados:-,Desejou,desejio,,,,,,,,,,,,,,,,
205.0,Tot6d,Tot6,totda,,,,,,,,,,,,,,,,,
206.0,Arelia,Argelia,Amcelia,Relia,rel6-,,,,,,,,,,,,,,,
207.0,filhal Olha,Olha,lha,filhal,,,,,,,,,,,,,,,,
208.0,"Santissimo
Sacramento","Santis-
sima Trindade",Santis-,Santissimo,Santissimo Sacramento,Certissimo,,,,,,,,,,,,,,
209.0,concepgeoes dum,leoes,taeoes,,,,,,,,,,,,,,,,,
210.0,Eu u2ro0 ve,V. S,"Reco-
nheceu S. Sebastiao",,,,,,,,,,,,,,,,,
211.0,ELP2EPeELl9-9tam-aLl9ias,suaAm-,Sua Csa,,,,,,,,,,,,,,,,,
212.0,Sauide,Aui,aui,"baui de
lata",,,,,,,,,,,,,,,,
213.0,mao cheia,Sao cineo,sao ca,Sao baptizados,Sao,Sao coisas ue,,,,,,,,,,,,,,
214.0,"pas-
seiam",pas-,"pas-
seando",,,,,,,,,,,,,,,,,
215.0,abragcar,ragca s6,Coragces,la s6,Pragca,,,,,,,,,,,,,,,
216.0,Acordara,Engordara,pDara,Dara,Mudar,cdar,,,,,,,,,,,,,,
217.0,rua dos Condes,Condes,"Bem Pblicol
Onde","condessa.-
Bastante",,,,,,,,,,,,,,,,
218.0,Iongos,Ionge,longel,,,,,,,,,,,,,,,,,
219.0,instraa,instrugao,,,,,,,,,,,,,,,,,,
220.0,ar.- Acudam,"ar.- Acudam
Da",Acudaml-,,,,,,,,,,,,,,,,,
221.0,pavor,YIE,apavorads,Bavol bravol,Evora,,,,,,,,,,,,,,,
222.0,Dassos,ASSOMOlR,Assombrado,Associago das Servas,Passou-lhe,asso,Asstucio,CoOnfisso,Passou,Associago,,,,,,,,,,
223.0,Cortegaga,Cortegaca,pe da Cortegaca,,,,,,,,,,,,,,,,,
224.0,baiuca,baia,Baia,,,,,,,,,,,,,,,,,
225.0,VInha,Gertruudinhas,Minha,panelinha,travesscirinha,Vinha,TInha,madrinhal,galinha gorda,,,,,,,,,,,
226.0,Deois,Coisa,Pois,Dcpois,depoisl,Bois,,,,,,,,,,,,,,
227.0,Lausperee,Suspenda,Iegenda,,,,,,,,,,,,,,,,,
228.0,"rua da Miseri-
cordia",sos da Misericbrdia,"rua da
Miseric6rdia",rua da Miseri-,Miseric6rdia,rua da Miseric6rdia,"rua da Miseri-
c6rdia",rua da,rua da Misericordia,Miseric6r-,,,,,,,,,,
229.0,Havemos,Devem-no,chavena,Viveml,,,,,,,,,,,,,,,,
230.0,Setembro,Sol de Maio,Sol de Setembro,Hotel de Ville,Largas rcsteaz de Sol,"Sol
de Dezembro",,,,,,,,,,,,,,
231.0,Con-,Encolhia,Encon-,ripanco,lencol,,,,,,,,,,,,,,,
232.0,Ilogo,"S. Crisologo
S. Cipriano",ogo,"faga
fogo",Iogo,,,,,,,,,,,,,,,
233.0,baixo d,invcjando baixo,pinheiros baixos,Pinheiro,tectos baixos do curral,,,,,,,,,,,,,,,
234.0,la vait Tem sade,Cansadote,sade,,,,,,,,,,,,,,,,,
235.0,falandocom inuietacao,suiei,desinquietava,Quieta,,,,,,,,,,,,,,,,
236.0,Civilizacao,Civilizacao...,Civilicacdo,,,,,,,,,,,,,,,,,
237.0,Comendador de Cristo,o Cristo,Torre de Babel,Pobre de Cristol-,Pobre de Cristol- diizia Amaro.-,Cristol-,,,,,,,,,,,,,,
238.0,"Peni-
tencia",Silencio,Vlcetncia,decncia,Providencia,impenitencia,benevolencia,Gertrudes,Prudencia,Corespondencia,Agencia Havas,Vicencia,impudencia con-,leferencia,,,,,,
239.0,Deixa,Deixa-la,Deixa-las,,,,,,,,,,,,,,,,,
240.0,morera dum aneurisma,Morenal,Mor-,More-,"L'ABB
MoRET",,,,,,,,,,,,,,,
241.0,I.baninho3,"Libaninho de luvas pretas
cravo ao peito",Saiba,ninhol,Libaninho atris,Libaninho,"Libaninho mur-
murava",Joaninha,,,,,,,,,,,,
242.0,Parou,rouba,Daroguia,Darouia,Preparou-a,,,,,,,,,,,,,,,
243.0,acei,braceiava,gracejarl,Ceia,,,,,,,,,,,,,,,,
244.0,Abria,Riam,lamuria,riacho ue,gria,glria,,,,,,,,,,,,,,
245.0,Custou,cstou,custou1,,,,,,,,,,,,,,,,,
246.0,pondia,Indicava,Indigis,brandia,reprcendia,India,indiferenga,Ndio,preendia,,,,,,,,,,,
247.0,Inimigo,Digo,Iigoleto,Inimigol,,,,,,,,,,,,,,,,
248.0,Rua,Ruala,,,,,,,,,,,,,,,,,,
249.0,Comu-,Excomunhao,excomungadola,Comuni-,Uni-,,,,,,,,,,,,,,,
250.0,Garriffaldi,Maldito,Bendito,amaldicoava,Maldigaol,Ditosos,,,,,,,,,,,,,,
251.0,"Poli-
tica e da Historia",Historia,historla,,,,,,,,,,,,,,,,,
252.0,Sempre,Semprel-,semprel,Gempre,,,,,,,,,,,,,,,,
253.0,sobrc,sobrctudo,sObrCtudo,,,,,,,,,,,,,,,,,
254.0,Sabes,Sabla,Sabel,Sabe,,,,,,,,,,,,,,,,
255.0,Tejo,Vejo,Vejam,,,,,,,,,,,,,,,,,
256.0,Coitadinhal,coitaa,Ievita,Coitadita,Coitada,Coitaditas,,,,,,,,,,,,,,
257.0,iberall,Iiberal,Liberus,Percebera,,,,,,,,,,,,,,,,
258.0,Hoe est,Esteia,Est,Estcu,Estoeve,Estoico,,,,,,,,,,,,,,
259.0,"rg1IN,1III",III--0,"Iiii',2",Iii,xXIII,Eiiiiircicaieii,IIInpAIR  W,,,,,,,,,,,,,
260.0,limao,sorri,corrimao,mao,,,,,,,,,,,,,,,,
261.0,Aquilo,Raquitico,Aquie,xAqui,Dagqui,Aqul,,,,,,,,,,,,,,
262.0,pouc0,abusar1,Provarei,Repousarei,,,,,,,,,,,,,,,,
263.0,Chafariz,ariastlcn,Proletariado,padrariao,Sacrificaria,Cessaria,planeariam,Daria,Marialva,Mouraria,Faria,fard,Ifaria,,,,,,,
264.0,Nio,ue nio,Pavonio,,,,,,,,,,,,,,,,,
265.0,Ciu,merciuio,Ciumes,ciume.-,,,,,,,,,,,,,,,,
266.0,amanha,manhai,manhi,Amanha,manhal,Espanha,camphanha,,,,,,,,,,,,,
267.0,"Io
sio
oIIE",varoes,visoes,sioes,grilhoes,Camoes,,,,,,,,,,,,,,
268.0,"Totol
- Li",a Toto6-e,Totol,Toto,otozila,,,,,,,,,,,,,,,
269.0,Anaro,Aina,nar,Ainaro,,,,,,,,,,,,,,,,
270.0,Tirha,tira-mo:-,tiranico,Tira-mo,Tirado,,,,,,,,,,,,,,,
271.0,"tipo6-
grafo","sotainas ne-
grasla",sotainas,,,,,,,,,,,,,,,,,
272.0,"s6
sensagao",Ensina,Insensivel,,,,,,,,,,,,,,,,,
273.0,"caliinia das
calinias",calinia das calinias,,,,,,,,,,,,,,,,,,
274.0,PolLeLinterno,Inter-,intengiio,"RU
Intengao",,,,,,,,,,,,,,,,
275.0,entisicando,Fisica,"muisica clas-
sica",Potis,"cg
isi",tisica,,,,,,,,,,,,,,
276.0,Corpus-Christi,tristezal,firmezal,,,,,,,,,,,,,,,,,
277.0,legalmentc,Colegas,colegal,colera,,,,,,,,,,,,,,,,
278.0,Senhora da Incarnacao,Encarnacao,Senhora da IEncarnacao,Senhora da Alegria,,,,,,,,,,,,,,,,
279.0,Ameliazita,ceiazinha,Ameliazinhal,Melinhal,Ameliazinha la,Ameliazinha-,pe da Ameliazinha,Ameliazinha,,,,,,,,,,,,
280.0,exageracOes,difamacoes,exageracoes,,,,,,,,,,,,,,,,,
281.0,estrepito,jardim da Estrela,Estrela,Estremoz,,,,,,,,,,,,,,,,
282.0,cabo da faca,cabo dum,cabo do Ultramontanismol,,,,,,,,,,,,,,,,,
283.0,bom Ferraio,Ferrao-,Ferrao,Ferraio,"bom
Ferraio",,,,,,,,,,,,,,,
284.0,maos,romaos oue,Oue,Roma,,,,,,,,,,,,,,,,
285.0,lepras,Juras,embura,tonturas,Juro,,,,,,,,,,,,,,,
286.0,Jerusalem,Lem-,elel,plebelJesus,Belem,,,,,,,,,,,,,,,
287.0,Gouveia,Leia,Leia S. Tomas,Leia Gavantus,Judeia,Baleia,,,,,,,,,,,,,,
288.0,burrol,erdia,balburdia,Furdo,,,,,,,,,,,,,,,,
289.0,Algarve,Eclogas,Nlgas,Juilgava,ago gasto,,,,,,,,,,,,,,,
290.0,Pombal,Abalou,Heliogabalo,,,,,,,,,,,,,,,,,
291.0,souhe,T9Sou,,,,,,,,,,,,,,,,,,
292.0,dir-lim,"des-
pDir-se",,,,,,,,,,,,,,,,,,
293.0,cabo dos guarda-chuvas,"ponta dc
guarda-chuva",Chut,guardal,,,,,,,,,,,,,,,,
294.0,Pataratas do Saldanha,Saldanha.-,Saldanhinha,,,,,,,,,,,,,,,,,
295.0,Papnl,"mao
papuda",mao papuda,,,,,,,,,,,,,,,,,
296.0,pirozinho,parocozinho,Joaol,Sozinha,Drocozinho,Gansozinhos,vidraca da cozinha,Joaozinho,,,,,,,,,,,,
297.0,tonas,Imnonotonas,,,,,,,,,,,,,,,,,,
298.0,pstl Eh lal,pstl pstl,Pst,,,,,,,,,,,,,,,,,
299.0,UCTIITEU,Tito-Liio,IIt,pcito,Iito,,,,,,,,,,,,,,,
300.0,Alameda Velha,alameda,Alameda,,,,,,,,,,,,,,,,,
301.0,Taa YlonJa ise,Agonia,Polonia,Santa Apolonia,Depols,,,,,,,,,,,,,,,
302.0,dim,Pago,jardim do Pago,Jardim de Lazaro,,,,,,,,,,,,,,,,
303.0,Atraves,Atraiu-a,patraio,,,,,,,,,,,,,,,,,
304.0,Dois,Dois M-,Dois Mundos,,,,,,,,,,,,,,,,,
305.0,deio,Deixe,Deixem,,,,,,,,,,,,,,,,,
306.0,"R0
ra papcl",Una paloma,Salomao,,,,,,,,,,,,,,,,,
307.0,Gamacho,azfama,mamd,maie,mamai,mais?-,,,,,,,,,,,,,,
308.0,Bairrada,Irral,Bairro de David,,,,,,,,,,,,,,,,,
309.0,FAnDRE A I,"CRIME DO
PADRE AARO
I","CRIME DO
PADRE AMARO",padre Amaro,,,,,,,,,,,,,,,,
310.0,Imagine,Imaginava,Imaginei,Imaginem,Imaginara,Imaginas,imaginav,imaginagcao,imaginaco da rapariga,,,,,,,,,,,
311.0,snr.- Goncalves,Goncalves,,,,,,,,,,,,,,,,,,
312.0,revelagcoes,ambicoes,consolagcoes,plantagcoes,tentagcoes,,,,,,,,,,,,,,,
313.0,jai ca,dize ca,acre ca,dlze ca,,,,,,,,,,,,,,,,
314.0,Ahl,"RU0
Jahlota",Janota,,,,,,,,,,,,,,,,,
315.0,Assungao,Nagaioi,Assungaio,Assungcao,,,,,,,,,,,,,,,,
316.0,Agarrara,Achara,arara,barao,Dobrara,Expirara,,,,,,,,,,,,,,
317.0,Nada,almogeo,caleada,almofada,ma alma,,,,,,,,,,,,,,,
318.0,Conversara,Oonveneao,Convencao,convulsoes,,,,,,,,,,,,,,,,
319.0,controvrsia,contaeto,Alchntara,contarl,Conto,Contar,Montara,,,,,,,,,,,,,
320.0,Legiao de Honra destruido.l,regiao,Egipto,Legiao,.'GIAE,,,,,,,,,,,,,,,
321.0,"Santa Joana
de Aveiro",Santa Cecilia,"Ivenco
da Santa Cru",Cc Santa Barbara,Santarm,santa cruz,"Santa-
rem",Santa Ana,Santa Catarina,Santa,,,,,,,,,,
322.0,Pego,Velo-lhe,Devo-lhe,Pego-lhe,,,,,,,,,,,,,,,,
323.0,Estado,Vista-,Estai,Estamos,Esta-me,Boa besta,Estave,Estar,estado,,,,,,,,,,,
324.0,Inglaterra,aterrado,pe do terragco,terra,serra,Terra-Nova,Terra,terragco,,,,,,,,,,,,
325.0,dlas,Dlas,,,,,,,,,,,,,,,,,,
326.0,Olhava,Bastilha,Covilha,Milhares,Havanesa,Ilhava,Ajoelhava,chocalhava,"L-
xVI",,,,,,,,,,,
327.0,Inulsigao,Viga-,rsIg,DHE,Siga,Diga,,,,,,,,,,,,,,
328.0,saleta,cavalete1,Jalete,ete.,,,,,,,,,,,,,,,,
329.0,Perdoe-me,Perdao,Sacerd6clo,Perdoa,esuerda,,,,,,,,,,,,,,,
330.0,Acabe,cabeca baixa,cabeca caida,cabega,cabeca,"Cabeca do
gs",,,,,,,,,,,,,,
331.0,Brincadeiras,"madre
rodeira",Madeiral,Madeira,,,,,,,,,,,,,,,,
332.0,Longuinhos,riquinhol,uinze,Carlinhos,Inglesinhos,banuinho,Dbrinho,,,,,,,,,,,,,
333.0,botica,Litgo,ItI.,Joli,Politica,,,,,,,,,,,,,,,
334.0,Rosa,cigarros.-,barrol,Barroca,Barrosa,"estrada da
Barrosa",Barrosa-,Iivros,Barrosa falar a Carlota...,,,,,,,,,,,
335.0,Levantaremos,levantou:-,aiuntou,levantou:- Entre,,,,,,,,,,,,,,,,
336.0,com-,Pega,Comega,Drometo,Comegou,,,,,,,,,,,,,,,
337.0,Esguclhas,Esguelhas,Esgue-,,,,,,,,,,,,,,,,,
338.0,bom portugues,beugala,"Portu-
gal",Porto,Portugal,em Portugal,,,,,,,,,,,,,,
339.0,Novaisitos,novol,Novais,soirees do Novais,casa do Novais,bom Novais,yvai.-,novaa,,,,,,,,,,,,
340.0,caricias,farmaicia,maic,,,,,,,,,,,,,,,,,
341.0,Arvore,"Arvore da Cien-
cia","Vicen-
cia",,,,,,,,,,,,,,,,,
342.0,veiro do Ccu,Eanca do Ceu,Deus do Ceu,iundo dos ceus,reino do Ceu,moeo do Cruz,,,,,,,,,,,,,,
343.0,Casamento,Carmens,Sacramento,Sargento,Sarmento,,,,,,,,,,,,,,,
344.0,Queira,Vaqueira,queiaa,"dc
paquete",,,,,,,,,,,,,,,,
345.0,s6 a,piicaro da agua,cova da enxerga,s6 da a,Ioia da jinel,,,,,,,,,,,,,,,
346.0,Saio,naio,Naio,,,,,,,,,,,,,,,,,
347.0,Iia,lavia,Iam,zas,IIaviam,Haviam,,,,,,,,,,,,,,
348.0,Tosnoul,tos,,,,,,,,,,,,,,,,,,
349.0,Amellal,Amellazinhal Perdoa,Amella,,,,,,,,,,,,,,,,,
350.0,Inas,Satanas,ruinas,Inas-,Albina,nas-,,,,,,,,,,,,,,
351.0,Dcsordens,Iaboriosa,Taborda,Laboranti,,,,,,,,,,,,,,,,
352.0,Eugenia,Vagen,genebra,Obra,,,,,,,,,,,,,,,,
353.0,Multo bonito,Bonito,Bonita,,,,,,,,,,,,,,,,,
354.0,causeuse,Eliseus,Causava,,,,,,,,,,,,,,,,,
355.0,hierarguia,Iarguesa,Iarguesa de Alegros,,,,,,,,,,,,,,,,,
356.0,Se Ihe,Impunham-Ihe,Ihes,Ihe,lIhe,D-ihe,,,,,,,,,,,,,,
357.0,baboso,Baboseiras,,,,,,,,,,,,,,,,,,
358.0,provotu,Voee,trovoes,,,,,,,,,,,,,,,,,
359.0,Ceu nao findava.- sOnde,Trindade,Aindai,Daif,,,,,,,,,,,,,,,,
360.0,Valadares,pe Vai-te,tre Valadares,,,,,,,,,,,,,,,,,
361.0,Quero,Teresas,Quereis,Quere-me,Queres,,,,,,,,,,,,,,,
362.0,permanceceu taio,Entaio,Estaio,"Bento
saceristaio",taio fortes,bom paio,taio,taio decentel,,,,,,,,,,,,
363.0,Damasco,Alcobaca -S. Pascoal Bailao,Pascoal Bailao,Milao,Pascoa,,,,,,,,,,,,,,,
364.0,Carcavelos,Sufocada,Arcada,anasarca,,,,,,,,,,,,,,,,
365.0,Poco das Bentas,Entaol,entao s6,entao,Cntao,Entao,Entao hoie,"entao daguela casa
tao barata",,,,,,,,,,,,
366.0,Pompa Espiritual,Espirito,Brito,,,,,,,,,,,,,,,,,
367.0,Quorum,suor,,,,,,,,,,,,,,,,,,
368.0,Iar,Aiaro,AIARO,,,,,,,,,,,,,,,,,
369.0,Brevlario,Breviariol,Breviirio,Breviario,,,,,,,,,,,,,,,,
370.0,"Portol
Natario",Natario-,Natario.- Leia,snr.e D. Catarina,"arocol
Natario","Eu11
Natario",Natario,Natarla,Natariol,,,,,,,,,,,
371.0,aeguda,legua,egua,,,,,,,,,,,,,,,,,
372.0,Porta de Ouro,caia de bruos,egua baia de Joaio,ria de pe,graca de Deus,,,,,,,,,,,,,,,
373.0,Nao,snaomn,comn,,,,,,,,,,,,,,,,,
374.0,"Eterna
Dor",Ternel,"taberna do
tio Serafim",banco da taberna,consternaeao,tabherna,erna,taberna do Gego,,,,,,,,,,,,
375.0,algodeo,Todaos,contrigao de amor,lengol,RIY  DE A 1 R,Roda,lengo de algodao,reputacao duma scela de alquimista,,,,,,,,,,,,
376.0,"casa da
snr",snr,Snr,,,,,,,,,,,,,,,,,
377.0,Natureza,Mise-,"Mise-
eatur",,,,,,,,,,,,,,,,,
378.0,senhor conego,conego Dias,"conego rindo-se-
ji ha",conegos,"conego
Sanchcs",lanegor,irma do conego,"conego
Dias",Chnegou,"pe do
conego",conego.-,conego Campos,conego,conego sulbia,,,,,,
379.0,Chalacal,bacalhau2,baca,Alcobaca,Alcobacal,,,,,,,,,,,,,,,
380.0,Amclia,Aclia,Amdlia,vigilia,Amlia,Juliana,Liado,Jlia,,,,,,,,,,,,
381.0,Voc,eroce,Voce,Voces,diocese...,,,,,,,,,,,,,,,
382.0,Auele,aue,Aquela,Auela,,,,,,,,,,,,,,,,
383.0,Ave-Marias,Ave-Marias...,,,,,,,,,,,,,,,,,,
384.0,Poials,Ioia,Apoiado,Poiais,OIa,Tlpoias,,,,,,,,,,,,,,
385.0,Razaol,Razao,razao,,,,,,,,,,,,,,,,,
386.0,boa Dionisia,Dlonisia,Dionisial,Dionisia,nisia,,,,,,,,,,,,,,,
387.0,Case-me,casehre,Case,,,,,,,,,,,,,,,,,
388.0,Iojas,Coroa,corujas,,,,,,,,,,,,,,,,,
389.0,Alto la,Bairro Alto,chaivenas de alto,Saltou,Maltes,punha de alto,Alto,alto Ceu,So6,,,,,,,,,,,
390.0,alecrim,Expe-,cRIME oO,Crimel,Ourim,IME,PrimO,"RO
DoIme",RIME,,,,,,,,,,,
391.0,Elefantel,Iante,Nantes,tes:-,,,,,,,,,,,,,,,,
392.0,Aperte,peru,perteneer,,,,,,,,,,,,,,,,,
393.0,necessarlo,necessairio,necessita,Citava,Necessitava,,,,,,,,,,,,,,,
394.0,melha,Avelhadol,velha,vcrmelha,vcr,,,,,,,,,,,,,,,
395.0,Pieguicesl Ate,Pieguices,,,,,,,,,,,,,,,,,,
396.0,OORI1tE DO PDR,cRIE DOPDRE,OIIE DO HDIE,Cais do Sodre,Sol do Poente,GIE DO,YIE DO AD HRE,MIE DO P,aguas do marl,,,,,,,,,,,
397.0,Medicina,Meditacao,Imitaco,Meditacdo,,,,,,,,,,,,,,,,
398.0,ParIis,S. Gorislano,Paris,,,,,,,,,,,,,,,,,
399.0,tinuou sotuna,Una,Ossuna,,,,,,,,,,,,,,,,,
400.0,Morais,Oral,Moral,,,,,,,,,,,,,,,,,
401.0,Carocho,Aharo,Caro,carol,,,,,,,,,,,,,,,,
402.0,Tio Cegonhaf,Cegonha,Desavergonhada,,,,,,,,,,,,,,,,,
403.0,boa acgcaio,boa dicta,Boas-noites,Boa,"boa
fe",,,,,,,,,,,,,,,
404.0,moeo,Decerto,certol,decertol,Decertol-,,,,,,,,,,,,,,,
405.0,Hao-de,Ha-de,Id-de,IIo-de,,,,,,,,,,,,,,,,
406.0,Jeiuar,jeium,,,,,,,,,,,,,,,,,,
407.0,lajes,lajeado do largo,lajeado,,,,,,,,,,,,,,,,,
408.0,segurarl,Iigura,,,,,,,,,,,,,,,,,,
409.0,Ierocidade,Brutalidades,autoridadel,Ierocidade de impio,Cuidado,placide,ossa felicidade,cidade1,adormecida,,,,,,,,,,,
410.0,truzl,Cruzes,Cruz,,,,,,,,,,,,,,,,,
411.0,Introibo,Itroito,Dezoito,,,,,,,,,,,,,,,,,
412.0,incndio das Tulherias,Mulher,Tulherias,"luval Tem
pilheria",,,,,,,,,,,,,,,,
413.0,IL D0  ADE,D0 PA,UCRI3E D0 AEIE,,,,,,,,,,,,,,,,,
414.0,Se de,PlEASE DO,cnsa du,CRIYE DU P,UI1SE DU,,,,,,,,,,,,,,,
415.0,"sinei-
ros",Circeo,Dulcineia,sineirc,,,,,,,,,,,,,,,,
416.0,Adian-,FhRADIuU,Vadios,invadia,,,,,,,,,,,,,,,,
417.0,Lciria,Cozinleiros,Onde Leiria,"Leiria
Passearam","aCavour de
Leiria",Leiria,Feirio,,,,,,,,,,,,,
418.0,Fazem-me,Faz,Faz-me,,,,,,,,,,,,,,,,,
419.0,CRIII,QRIIE,cRIIE,OCRIIIT(I,,,,,,,,,,,,,,,,
420.0,Cheguem-se,Chegara,Cheguci,,,,,,,,,,,,,,,,,
421.0,Chocalhe,"Ricocal
E",Ricocal,,,,,,,,,,,,,,,,,
422.0,Tragou,Trago,tra,saragoca,,,,,,,,,,,,,,,,
423.0,temi,Temo-la,Tem,,,,,,,,,,,,,,,,,
424.0,partol,tcdo partido,partgel,,,,,,,,,,,,,,,,,
425.0,Quereria,Queria-a,Queria,,,,,,,,,,,,,,,,,
426.0,Rapariga,ranarigal,Amor,Amor;Laparigas de dezasseis,Amor;Laparigas,,,,,,,,,,,,,,,
427.0,Rebuscou,Rossio,Iicou,Tossicou,,,,,,,,,,,,,,,,
428.0,nineuem cumgeE.,Ninguem,uem,uem diabo,,,,,,,,,,,,,,,,
429.0,Vezes,Arran-,Marrazes,,,,,,,,,,,,,,,,,
430.0,Riram,Feirao,"pri-
meira",Gralheira,Feiraol,Pereira,Cralheira,freira,Pimentas da Pojeira,Beiio,Beira,trapeira,Feiraio,,,,,,,
431.0,Morgaditos,Cansadinho,"Mor-
gadinho",Morgadinho,Morgados,Morgado,Morgadinhos,,,,,,,,,,,,,
432.0,"Guedes
gue",Pede-os,Des,hdspedes,,,,,,,,,,,,,,,,
433.0,Ponte Nova,monte Olimpol,Contemplal,Charonte,fontel,Ponte,Defronte,,,,,,,,,,,,,
434.0,viha,U A1 I1,II-- LT1MAg PIIHAI-- I I1NA D ALDMIO,,,,,,,,,,,,,,,,,
435.0,Ricas,Rica,suicas,,,,,,,,,,,,,,,,,
436.0,Carvalhosa,orva,carvoes,carvao,,,,,,,,,,,,,,,,
437.0,saia branca,Franga,pilar branco,balancar,Franea,Vila Franca,S. Francisco,frances,Franca,,,,,,,,,,,
438.0,Cordeiro Pascal,Vim,"scu
cnteiro",Vimeiro,,,,,,,,,,,,,,,,
439.0,peco.-,Recados,Pecado,,,,,,,,,,,,,,,,,
440.0,Sol,solugos,solucar,solu-1,,,,,,,,,,,,,,,,
441.0,abracos,consideraco5es,Iraco,braco,,,,,,,,,,,,,,,,
442.0,"apa-
nhando",vizinhanga,Sacke-hands,chapinhando,,,,,,,,,,,,,,,,
443.0,Versalhes,"bigodc gri-
salho",Agasalha-te,casaLLIL.lSD,Coalho,Agasalho,,,,,,,,,,,,,,
444.0,Nossa,Vossemece,Vossa,,,,,,,,,,,,,,,,,
445.0,Comunicados,Coniunicadof,Comunicadol,Comunicado,,,,,,,,,,,,,,,,
446.0,Betanla,balle,Palletan,,,,,,,,,,,,,,,,,
447.0,Carlos-,"pe de
Carlota",Senhora Carlotal,Carli,S. Carlos,Carlota,,,,,,,,,,,,,,
448.0,Rio,Osorio,Os6rio,periodicol,Tlberio,Natrio,serio,rio,,,,,,,,,,,,
449.0,caixa do rape,pe do estanco,"pe do
cemiterio",pe do homem,pe do guartel,pe do valado,pe do rio,,,,,,,,,,,,,
450.0,Abades,Madrid,Madre-Abadessa,,,,,,,,,,,,,,,,,
451.0,Joao das hiscas de cgarr,Lully,palmas de martires,FRAD1UE MEMH,saide fogc,luvas de casimira,NLLYehas anedotas de frades,,,,,,,,,,,,,
452.0,Costumava,palrava,Costurava,,,,,,,,,,,,,,,,,
453.0,Gosta,Instava,Gostas,Gustavo,Voltava,Repastava,Gostava,,,,,,,,,,,,,
454.0,Porque,PorqvUe,,,,,,,,,,,,,,,,,,
455.0,Salte,Salta ca,Talta,Falta,"S.
-- Falta",Salta,,,,,,,,,,,,,,
456.0,Arrepen-,mexe-te,"Arrepen-
de-te",,,,,,,,,,,,,,,,,
457.0,"LA
FIDTE",Ovidio-,perfidia,,,,,,,,,,,,,,,,,
458.0,Calvirio,ralva,Calvario,,,,,,,,,,,,,,,,,
459.0,Fel,felizx,,,,,,,,,,,,,,,,,,
460.0,Ftiopia,copia,,,,,,,,,,,,,,,,,,
461.0,funestol,Honestol,desgostol,istol,Brstol,,,,,,,,,,,,,,,
